{
  "info" : {
    "version" : 1,
    "author" : "xcode"
  },
  "properties" : {
    "frame-size" : {
      "width" : 404,
      "height" : 261.9451371571072
    },
    "frame-center" : {
      "x" : 202,
      "y" : 130.9725685785536
    }
  }
}